12eb8a9f1a7cd1cc10e57847dd5476c6062b9e58,CERT SHA1,,http://401trg.pw/burning-umbrella/
8df0b63fbdd9616d581bdb101929eb17f80f9e99,CERT SHA1,,http://401trg.pw/burning-umbrella/
92a1c7e1fd5afccd957e7fcbcdd2431eb9bf3d50,CERT SHA1,,http://401trg.pw/burning-umbrella/
a22d97e4ede82ae8375522aca59db575d08c5c35,CERT SHA1,,http://401trg.pw/burning-umbrella/
ddf115821717dabb5e69c753d27460242204031e,CERT SHA1,,http://401trg.pw/burning-umbrella/
5e0fa58bf1c4c1b63144052063dc2bb9129aa1f3,CERT SHA1,,http://401trg.pw/burning-umbrella/
c3e55bd6fe0205fe7dc1ad53ed03db269ba5da71,CERT SHA1,,http://401trg.pw/burning-umbrella/
1cc87c7c900d584400c5c82073672888fefb145e,CERT SHA1,,http://401trg.pw/burning-umbrella/
ca2854658dff72da77bf82c1fe5899d09f9f559d,CERT SHA1,,http://401trg.pw/burning-umbrella/
93caf237baa37cd42dfc4653ffc1792fcbad4642,CERT SHA1,,http://401trg.pw/burning-umbrella/
aff17a2e1969e4bf81dbaa3591778887546570cb,CERT SHA1,,http://401trg.pw/burning-umbrella/
3f3da327ca330396f1ab0a543be284f85d9d414a,CERT SHA1,,http://401trg.pw/burning-umbrella/
512509787e4da7aaf71b89d25698a9e9d43501fd,CERT SHA1,,http://401trg.pw/burning-umbrella/
bd3abf19f065d102503e9186c152e529d3e33143,CERT SHA1,,http://401trg.pw/burning-umbrella/
df7826303b98004afd1102f597f6c7b067086a00,CERT SHA1,,http://401trg.pw/burning-umbrella/
1217cbb57fb26bd52d976f34571bd6c6514265e9,CERT SHA1,,http://401trg.pw/burning-umbrella/
e6a3b45b062d509b3382282d196efe97d5956ccb,CERT SHA1,,http://401trg.pw/burning-umbrella/
8e400380e376b9fb03612967940bb8e07175ab6a,CERT SHA1,,http://401trg.pw/burning-umbrella/
263babc25c177e0e6bd87c687bad8316240f971e,CERT SHA1,,http://401trg.pw/burning-umbrella/
58e1a9c1dae311fabdfa065955216a46eecb5816,CERT SHA1,,http://401trg.pw/burning-umbrella/
bae30b15dbb1544cf194d076b75b7bb9e3d6b760,CERT SHA1,,http://401trg.pw/burning-umbrella/
0e34141846e7423d37f20dc0ab06c9bbd843dc24,CERT SHA1,,http://401trg.pw/burning-umbrella/
23d57a493a5bfe1801b9d6e0894555242661a27b,CERT SHA1,,http://401trg.pw/burning-umbrella/
8e11362a487a744fd21682cd86ad053e8bd5b9ce,CERT SHA1,,http://401trg.pw/burning-umbrella/
