Indicator,Type,Description,Reference
nbcpost.com,DOMAIN,IP - 98.143.148.72 URL - rss.nbcpost.com/news/today/content.php,https://401trg.pw/turla-watering-hole-campaigns-2016-2017
travelclothes.org,DOMAIN,IP - 107.155.99.133 URL - static.travelclothes.org/main.js,https://401trg.pw/turla-watering-hole-campaigns-2016-2017
epsoncorp.com,DOMAIN,IP - 58.158.177.102 URL - drivers.epsoncorp.com/plugin/analytics/counter.js,https://401trg.pw/turla-watering-hole-campaigns-2016-2017
msgcollection.com,DOMAIN,IP - 185.68.16.62 URL - msgcollection.com/templates/nivoslider/loading.php,https://401trg.pw/turla-watering-hole-campaigns-2016-2017
mentalhealthcheck.net,DOMAIN,IP - 58.158.177.102 URL - mentalhealthcheck.net/update/check.php : mentalhealthcheck.net/update/counter.js : mentalhealthcheck.net//update/counter.js,https://401trg.pw/turla-watering-hole-campaigns-2016-2017
alessandrosl.com,DOMAIN,IP - 209.99.64.25 URL - alessandrosl.com/core/modules/mailer/mailer.php,https://401trg.pw/turla-watering-hole-campaigns-2016-2017
loveandlight.aws3.net,DOMAIN,IP - 74.208.70.127 URL - loveandlight.aws3.net/wp-includes/theme-compat/akismet.php,https://401trg.pw/turla-watering-hole-campaigns-2016-2017
msgcollection.com,DOMAIN,IP - 185.68.16.62 URL - msgcollection.com/templates/nivoslider/loading.php,https://401trg.pw/turla-watering-hole-campaigns-2016-2017
98.143.148.72,IP,DOMAIN - nbcpost.com URL - rss.nbcpost.com/news/today/content.php,https://401trg.pw/turla-watering-hole-campaigns-2016-2017
107.155.99.133,IP,DOMAIN - travelclothes.org URL - static.travelclothes.org/main.js,https://401trg.pw/turla-watering-hole-campaigns-2016-2017
58.158.177.102,IP,DOMAIN - epsoncorp.com URL - drivers.epsoncorp.com/plugin/analytics/counter.js,https://401trg.pw/turla-watering-hole-campaigns-2016-2017
185.68.16.62,IP,DOMAIN - msgcollection.com URL - msgcollection.com/templates/nivoslider/loading.php,https://401trg.pw/turla-watering-hole-campaigns-2016-2017
58.158.177.102,IP,DOMAIN - mentalhealthcheck.net URL - mentalhealthcheck.net/update/check.php : mentalhealthcheck.net/update/counter.js : mentalhealthcheck.net//update/counter.js,https://401trg.pw/turla-watering-hole-campaigns-2016-2017
209.99.64.25,IP,DOMAIN - alessandrosl.com URL - alessandrosl.com/core/modules/mailer/mailer.php,https://401trg.pw/turla-watering-hole-campaigns-2016-2017
74.208.70.127,IP,DOMAIN - loveandlight.aws3.net URL - loveandlight.aws3.net/wp-includes/theme-compat/akismet.php,https://401trg.pw/turla-watering-hole-campaigns-2016-2017
185.68.16.62,IP,DOMAIN - msgcollection.com URL - msgcollection.com/templates/nivoslider/loading.php,https://401trg.pw/turla-watering-hole-campaigns-2016-2017
rss.nbcpost.com/news/today/content.php,URL,DOMAIN - nbcpost.com IP - 98.143.148.72,https://401trg.pw/turla-watering-hole-campaigns-2016-2017
static.travelclothes.org/main.js,URL,DOMAIN - travelclothes.org IP - 107.155.99.133,https://401trg.pw/turla-watering-hole-campaigns-2016-2017
drivers.epsoncorp.com/plugin/analytics/counter.js,URL,DOMAIN - epsoncorp.com IP - 58.158.177.102,https://401trg.pw/turla-watering-hole-campaigns-2016-2017
msgcollection.com/templates/nivoslider/loading.php,URL,DOMAIN - msgcollection.com IP - 185.68.16.62,https://401trg.pw/turla-watering-hole-campaigns-2016-2017
mentalhealthcheck.net/update/check.php,URL,DOMAIN - mentalhealthcheck.net IP - 58.158.177.102,https://401trg.pw/turla-watering-hole-campaigns-2016-2017
mentalhealthcheck.net/update/counter.js,URL,DOMAIN - mentalhealthcheck.net IP - 58.158.177.102,https://401trg.pw/turla-watering-hole-campaigns-2016-2017
mentalhealthcheck.net//update/counter.js,URL,DOMAIN - mentalhealthcheck.net IP - 58.158.177.102,https://401trg.pw/turla-watering-hole-campaigns-2016-2017
alessandrosl.com/core/modules/mailer/mailer.php,URL,DOMAIN - alessandrosl.com IP - 209.99.64.25,https://401trg.pw/turla-watering-hole-campaigns-2016-2017
loveandlight.aws3.net/wp-includes/theme-compat/akismet.php,URL,DOMAIN - loveandlight.aws3.net IP - 74.208.70.127,https://401trg.pw/turla-watering-hole-campaigns-2016-2017
msgcollection.com/templates/nivoslider/loading.php,URL,DOMAIN - msgcollection.com IP - 185.68.16.62,https://401trg.pw/turla-watering-hole-campaigns-2016-2017
